Week,Date,Day,Kickoff_ET,Kickoff_Local,Local_TZ,Away_Team,Away_Abbr,Home_Team,Home_Abbr,Status,Source
1,9/9/2026,Wednesday,8:20 PM,5:20 PM,PDT,New England Patriots,NE,Seattle Seahawks,SEA,Scheduled,ESPN/screenshots + sports schedule feed
1,9/10/2026,Thursday,8:35 PM,5:35 PM,PDT,San Francisco 49ers,SF,Los Angeles Rams,LAR,Scheduled,ESPN/screenshots + sports schedule feed
1,9/13/2026,Sunday,4:25 PM,1:25 PM,PDT,Arizona Cardinals,ARI,Los Angeles Chargers,LAC,Scheduled,ESPN/screenshots + sports schedule feed
1,9/13/2026,Sunday,4:25 PM,1:25 PM,PDT,Green Bay Packers,GB,Minnesota Vikings,MIN,Scheduled,ESPN/screenshots + sports schedule feed
1,9/13/2026,Sunday,4:25 PM,1:25 PM,PDT,Miami Dolphins,MIA,Las Vegas Raiders,LV,Scheduled,ESPN/screenshots + sports schedule feed
1,9/13/2026,Sunday,4:25 PM,1:25 PM,PDT,Washington Commanders,WAS,Philadelphia Eagles,PHI,Scheduled,ESPN/screenshots + sports schedule feed
1,9/13/2026,Sunday,8:20 PM,5:20 PM,PDT,Dallas Cowboys,DAL,New York Giants,NYG,Scheduled,ESPN/screenshots + sports schedule feed
1,9/13/2026,Sunday,1:00 PM,10:00 AM,PDT,Atlanta Falcons,ATL,Pittsburgh Steelers,PIT,Scheduled,ESPN/screenshots + sports schedule feed
1,9/13/2026,Sunday,1:00 PM,10:00 AM,PDT,Baltimore Ravens,BAL,Indianapolis Colts,IND,Scheduled,ESPN/screenshots + sports schedule feed
1,9/13/2026,Sunday,1:00 PM,10:00 AM,PDT,Buffalo Bills,BUF,Houston Texans,HOU,Scheduled,ESPN/screenshots + sports schedule feed
1,9/13/2026,Sunday,1:00 PM,10:00 AM,PDT,Chicago Bears,CHI,Carolina Panthers,CAR,Scheduled,ESPN/screenshots + sports schedule feed
1,9/13/2026,Sunday,1:00 PM,10:00 AM,PDT,Cleveland Browns,CLE,Jacksonville Jaguars,JAX,Scheduled,ESPN/screenshots + sports schedule feed
1,9/13/2026,Sunday,1:00 PM,10:00 AM,PDT,New Orleans Saints,NO,Detroit Lions,DET,Scheduled,ESPN/screenshots + sports schedule feed
1,9/13/2026,Sunday,1:00 PM,10:00 AM,PDT,New York Jets,NYJ,Tennessee Titans,TEN,Scheduled,ESPN/screenshots + sports schedule feed
1,9/13/2026,Sunday,1:00 PM,10:00 AM,PDT,Tampa Bay Buccaneers,TB,Cincinnati Bengals,CIN,Scheduled,ESPN/screenshots + sports schedule feed
1,9/14/2026,Monday,8:15 PM,5:15 PM,PDT,Denver Broncos,DEN,Kansas City Chiefs,KC,Scheduled,ESPN/screenshots + sports schedule feed
2,9/17/2026,Thursday,8:15 PM,5:15 PM,PDT,Detroit Lions,DET,Buffalo Bills,BUF,Scheduled,ESPN/screenshots + sports schedule feed
2,9/20/2026,Sunday,4:05 PM,1:05 PM,PDT,Jacksonville Jaguars,JAX,Denver Broncos,DEN,Scheduled,ESPN/screenshots + sports schedule feed
2,9/20/2026,Sunday,4:05 PM,1:05 PM,PDT,Las Vegas Raiders,LV,Los Angeles Chargers,LAC,Scheduled,ESPN/screenshots + sports schedule feed
2,9/20/2026,Sunday,4:25 PM,1:25 PM,PDT,Miami Dolphins,MIA,San Francisco 49ers,SF,Scheduled,ESPN/screenshots + sports schedule feed
2,9/20/2026,Sunday,4:25 PM,1:25 PM,PDT,Seattle Seahawks,SEA,Arizona Cardinals,ARI,Scheduled,ESPN/screenshots + sports schedule feed
2,9/20/2026,Sunday,4:25 PM,1:25 PM,PDT,Washington Commanders,WAS,Dallas Cowboys,DAL,Scheduled,ESPN/screenshots + sports schedule feed
2,9/20/2026,Sunday,8:20 PM,5:20 PM,PDT,Indianapolis Colts,IND,Kansas City Chiefs,KC,Scheduled,ESPN/screenshots + sports schedule feed
2,9/20/2026,Sunday,1:00 PM,10:00 AM,PDT,Carolina Panthers,CAR,Atlanta Falcons,ATL,Scheduled,ESPN/screenshots + sports schedule feed
2,9/20/2026,Sunday,1:00 PM,10:00 AM,PDT,Cincinnati Bengals,CIN,Houston Texans,HOU,Scheduled,ESPN/screenshots + sports schedule feed
2,9/20/2026,Sunday,1:00 PM,10:00 AM,PDT,Cleveland Browns,CLE,Tampa Bay Buccaneers,TB,Scheduled,ESPN/screenshots + sports schedule feed
2,9/20/2026,Sunday,1:00 PM,10:00 AM,PDT,Green Bay Packers,GB,New York Jets,NYJ,Scheduled,ESPN/screenshots + sports schedule feed
2,9/20/2026,Sunday,1:00 PM,10:00 AM,PDT,Minnesota Vikings,MIN,Chicago Bears,CHI,Scheduled,ESPN/screenshots + sports schedule feed
2,9/20/2026,Sunday,1:00 PM,10:00 AM,PDT,New Orleans Saints,NO,Baltimore Ravens,BAL,Scheduled,ESPN/screenshots + sports schedule feed
2,9/20/2026,Sunday,1:00 PM,10:00 AM,PDT,Philadelphia Eagles,PHI,Tennessee Titans,TEN,Scheduled,ESPN/screenshots + sports schedule feed
2,9/20/2026,Sunday,1:00 PM,10:00 AM,PDT,Pittsburgh Steelers,PIT,New England Patriots,NE,Scheduled,ESPN/screenshots + sports schedule feed
2,9/21/2026,Monday,8:15 PM,5:15 PM,PDT,New York Giants,NYG,Los Angeles Rams,LAR,Scheduled,ESPN/screenshots + sports schedule feed
3,9/24/2026,Thursday,8:15 PM,5:15 PM,PDT,Atlanta Falcons,ATL,Green Bay Packers,GB,Scheduled,ESPN/screenshots + sports schedule feed
3,9/27/2026,Sunday,4:05 PM,1:05 PM,PDT,Arizona Cardinals,ARI,San Francisco 49ers,SF,Scheduled,ESPN/screenshots + sports schedule feed
3,9/27/2026,Sunday,4:05 PM,1:05 PM,PDT,Minnesota Vikings,MIN,Tampa Bay Buccaneers,TB,Scheduled,ESPN/screenshots + sports schedule feed
3,9/27/2026,Sunday,4:25 PM,1:25 PM,PDT,Baltimore Ravens,BAL,Dallas Cowboys,DAL,Scheduled,ESPN/screenshots + sports schedule feed
3,9/27/2026,Sunday,4:25 PM,1:25 PM,PDT,Las Vegas Raiders,LV,New Orleans Saints,NO,Scheduled,ESPN/screenshots + sports schedule feed
3,9/27/2026,Sunday,8:20 PM,5:20 PM,PDT,Los Angeles Rams,LAR,Denver Broncos,DEN,Scheduled,ESPN/screenshots + sports schedule feed
3,9/27/2026,Sunday,1:00 PM,10:00 AM,PDT,Carolina Panthers,CAR,Cleveland Browns,CLE,Scheduled,ESPN/screenshots + sports schedule feed
3,9/27/2026,Sunday,1:00 PM,10:00 AM,PDT,Cincinnati Bengals,CIN,Pittsburgh Steelers,PIT,Scheduled,ESPN/screenshots + sports schedule feed
3,9/27/2026,Sunday,1:00 PM,10:00 AM,PDT,Houston Texans,HOU,Indianapolis Colts,IND,Scheduled,ESPN/screenshots + sports schedule feed
3,9/27/2026,Sunday,1:00 PM,10:00 AM,PDT,Kansas City Chiefs,KC,Miami Dolphins,MIA,Scheduled,ESPN/screenshots + sports schedule feed
3,9/27/2026,Sunday,1:00 PM,10:00 AM,PDT,Los Angeles Chargers,LAC,Buffalo Bills,BUF,Scheduled,ESPN/screenshots + sports schedule feed
3,9/27/2026,Sunday,1:00 PM,10:00 AM,PDT,New England Patriots,NE,Jacksonville Jaguars,JAX,Scheduled,ESPN/screenshots + sports schedule feed
3,9/27/2026,Sunday,1:00 PM,10:00 AM,PDT,New York Jets,NYJ,Detroit Lions,DET,Scheduled,ESPN/screenshots + sports schedule feed
3,9/27/2026,Sunday,1:00 PM,10:00 AM,PDT,Seattle Seahawks,SEA,Washington Commanders,WAS,Scheduled,ESPN/screenshots + sports schedule feed
3,9/27/2026,Sunday,1:00 PM,10:00 AM,PDT,Tennessee Titans,TEN,New York Giants,NYG,Scheduled,ESPN/screenshots + sports schedule feed
3,9/28/2026,Monday,8:15 PM,5:15 PM,PDT,Philadelphia Eagles,PHI,Chicago Bears,CHI,Scheduled,ESPN/screenshots + sports schedule feed
4,10/1/2026,Thursday,8:15 PM,5:15 PM,PDT,Pittsburgh Steelers,PIT,Cleveland Browns,CLE,Scheduled,ESPN/screenshots + sports schedule feed
4,10/4/2026,Sunday,4:05 PM,1:05 PM,PDT,Miami Dolphins,MIA,Minnesota Vikings,MIN,Scheduled,ESPN/screenshots + sports schedule feed
4,10/4/2026,Sunday,4:25 PM,1:25 PM,PDT,Denver Broncos,DEN,San Francisco 49ers,SF,Scheduled,ESPN/screenshots + sports schedule feed
4,10/4/2026,Sunday,4:25 PM,1:25 PM,PDT,Kansas City Chiefs,KC,Las Vegas Raiders,LV,Scheduled,ESPN/screenshots + sports schedule feed
4,10/4/2026,Sunday,4:25 PM,1:25 PM,PDT,Los Angeles Chargers,LAC,Seattle Seahawks,SEA,Scheduled,ESPN/screenshots + sports schedule feed
4,10/4/2026,Sunday,8:20 PM,5:20 PM,PDT,Detroit Lions,DET,Carolina Panthers,CAR,Scheduled,ESPN/screenshots + sports schedule feed
4,10/4/2026,Sunday,9:30 AM,6:30 AM,PDT,Indianapolis Colts,IND,Washington Commanders,WAS,Scheduled,ESPN/screenshots + sports schedule feed
4,10/4/2026,Sunday,1:00 PM,10:00 AM,PDT,Arizona Cardinals,ARI,New York Giants,NYG,Scheduled,ESPN/screenshots + sports schedule feed
4,10/4/2026,Sunday,1:00 PM,10:00 AM,PDT,Dallas Cowboys,DAL,Houston Texans,HOU,Scheduled,ESPN/screenshots + sports schedule feed
4,10/4/2026,Sunday,1:00 PM,10:00 AM,PDT,Green Bay Packers,GB,Tampa Bay Buccaneers,TB,Scheduled,ESPN/screenshots + sports schedule feed
4,10/4/2026,Sunday,1:00 PM,10:00 AM,PDT,Jacksonville Jaguars,JAX,Cincinnati Bengals,CIN,Scheduled,ESPN/screenshots + sports schedule feed
4,10/4/2026,Sunday,1:00 PM,10:00 AM,PDT,Los Angeles Rams,LAR,Philadelphia Eagles,PHI,Scheduled,ESPN/screenshots + sports schedule feed
4,10/4/2026,Sunday,1:00 PM,10:00 AM,PDT,New England Patriots,NE,Buffalo Bills,BUF,Scheduled,ESPN/screenshots + sports schedule feed
4,10/4/2026,Sunday,1:00 PM,10:00 AM,PDT,New York Jets,NYJ,Chicago Bears,CHI,Scheduled,ESPN/screenshots + sports schedule feed
4,10/4/2026,Sunday,1:00 PM,10:00 AM,PDT,Tennessee Titans,TEN,Baltimore Ravens,BAL,Scheduled,ESPN/screenshots + sports schedule feed
4,10/5/2026,Monday,8:15 PM,5:15 PM,PDT,Atlanta Falcons,ATL,New Orleans Saints,NO,Scheduled,ESPN/screenshots + sports schedule feed
5,10/8/2026,Thursday,8:15 PM,5:15 PM,PDT,Tampa Bay Buccaneers,TB,Dallas Cowboys,DAL,Scheduled,ESPN/screenshots + sports schedule feed
5,10/11/2026,Sunday,4:05 PM,1:05 PM,PDT,Denver Broncos,DEN,Los Angeles Chargers,LAC,Scheduled,ESPN/screenshots + sports schedule feed
5,10/11/2026,Sunday,4:25 PM,1:25 PM,PDT,Chicago Bears,CHI,Green Bay Packers,GB,Scheduled,ESPN/screenshots + sports schedule feed
5,10/11/2026,Sunday,4:25 PM,1:25 PM,PDT,Detroit Lions,DET,Arizona Cardinals,ARI,Scheduled,ESPN/screenshots + sports schedule feed
5,10/11/2026,Sunday,4:25 PM,1:25 PM,PDT,San Francisco 49ers,SF,Seattle Seahawks,SEA,Scheduled,ESPN/screenshots + sports schedule feed
5,10/11/2026,Sunday,8:20 PM,5:20 PM,PDT,Baltimore Ravens,BAL,Atlanta Falcons,ATL,Scheduled,ESPN/screenshots + sports schedule feed
5,10/11/2026,Sunday,9:30 AM,6:30 AM,PDT,Philadelphia Eagles,PHI,Jacksonville Jaguars,JAX,Scheduled,ESPN/screenshots + sports schedule feed
5,10/11/2026,Sunday,1:00 PM,10:00 AM,PDT,Cincinnati Bengals,CIN,Miami Dolphins,MIA,Scheduled,ESPN/screenshots + sports schedule feed
5,10/11/2026,Sunday,1:00 PM,10:00 AM,PDT,Cleveland Browns,CLE,New York Jets,NYJ,Scheduled,ESPN/screenshots + sports schedule feed
5,10/11/2026,Sunday,1:00 PM,10:00 AM,PDT,Houston Texans,HOU,Tennessee Titans,TEN,Scheduled,ESPN/screenshots + sports schedule feed
5,10/11/2026,Sunday,1:00 PM,10:00 AM,PDT,Indianapolis Colts,IND,Pittsburgh Steelers,PIT,Scheduled,ESPN/screenshots + sports schedule feed
5,10/11/2026,Sunday,1:00 PM,10:00 AM,PDT,Las Vegas Raiders,LV,New England Patriots,NE,Scheduled,ESPN/screenshots + sports schedule feed
5,10/11/2026,Sunday,1:00 PM,10:00 AM,PDT,Minnesota Vikings,MIN,New Orleans Saints,NO,Scheduled,ESPN/screenshots + sports schedule feed
5,10/11/2026,Sunday,1:00 PM,10:00 AM,PDT,New York Giants,NYG,Washington Commanders,WAS,Scheduled,ESPN/screenshots + sports schedule feed
5,10/12/2026,Monday,8:15 PM,5:15 PM,PDT,Buffalo Bills,BUF,Los Angeles Rams,LAR,Scheduled,ESPN/screenshots + sports schedule feed
6,10/15/2026,Thursday,8:15 PM,5:15 PM,PDT,Seattle Seahawks,SEA,Denver Broncos,DEN,Scheduled,ESPN/screenshots + sports schedule feed
6,10/18/2026,Sunday,4:05 PM,1:05 PM,PDT,Arizona Cardinals,ARI,Los Angeles Rams,LAR,Scheduled,ESPN/screenshots + sports schedule feed
6,10/18/2026,Sunday,4:25 PM,1:25 PM,PDT,Buffalo Bills,BUF,Las Vegas Raiders,LV,Scheduled,ESPN/screenshots + sports schedule feed
6,10/18/2026,Sunday,4:25 PM,1:25 PM,PDT,Los Angeles Chargers,LAC,Kansas City Chiefs,KC,Scheduled,ESPN/screenshots + sports schedule feed
6,10/18/2026,Sunday,8:20 PM,5:20 PM,PDT,Dallas Cowboys,DAL,Green Bay Packers,GB,Scheduled,ESPN/screenshots + sports schedule feed
6,10/18/2026,Sunday,9:30 AM,6:30 AM,PDT,Houston Texans,HOU,Jacksonville Jaguars,JAX,Scheduled,ESPN/screenshots + sports schedule feed
6,10/18/2026,Sunday,1:00 PM,10:00 AM,PDT,Baltimore Ravens,BAL,Cleveland Browns,CLE,Scheduled,ESPN/screenshots + sports schedule feed
6,10/18/2026,Sunday,1:00 PM,10:00 AM,PDT,Carolina Panthers,CAR,Philadelphia Eagles,PHI,Scheduled,ESPN/screenshots + sports schedule feed
6,10/18/2026,Sunday,1:00 PM,10:00 AM,PDT,Chicago Bears,CHI,Atlanta Falcons,ATL,Scheduled,ESPN/screenshots + sports schedule feed
6,10/18/2026,Sunday,1:00 PM,10:00 AM,PDT,New Orleans Saints,NO,New York Giants,NYG,Scheduled,ESPN/screenshots + sports schedule feed
6,10/18/2026,Sunday,1:00 PM,10:00 AM,PDT,New York Jets,NYJ,New England Patriots,NE,Scheduled,ESPN/screenshots + sports schedule feed
6,10/18/2026,Sunday,1:00 PM,10:00 AM,PDT,Pittsburgh Steelers,PIT,Tampa Bay Buccaneers,TB,Scheduled,ESPN/screenshots + sports schedule feed
6,10/18/2026,Sunday,1:00 PM,10:00 AM,PDT,Tennessee Titans,TEN,Indianapolis Colts,IND,Scheduled,ESPN/screenshots + sports schedule feed
6,10/19/2026,Monday,8:15 PM,5:15 PM,PDT,Washington Commanders,WAS,San Francisco 49ers,SF,Scheduled,ESPN/screenshots + sports schedule feed
7,10/22/2026,Thursday,8:15 PM,5:15 PM,PDT,New England Patriots,NE,Chicago Bears,CHI,Scheduled,ESPN/screenshots + sports schedule feed
7,10/25/2026,Sunday,4:05 PM,1:05 PM,PDT,Denver Broncos,DEN,Arizona Cardinals,ARI,Scheduled,ESPN/screenshots + sports schedule feed
7,10/25/2026,Sunday,4:25 PM,1:25 PM,PDT,Green Bay Packers,GB,Detroit Lions,DET,Scheduled,ESPN/screenshots + sports schedule feed
7,10/25/2026,Sunday,4:25 PM,1:25 PM,PDT,Los Angeles Rams,LAR,Las Vegas Raiders,LV,Scheduled,ESPN/screenshots + sports schedule feed
7,10/25/2026,Sunday,8:20 PM,5:20 PM,PDT,Kansas City Chiefs,KC,Seattle Seahawks,SEA,Scheduled,ESPN/screenshots + sports schedule feed
7,10/25/2026,Sunday,9:30 AM,6:30 AM,PDT,Pittsburgh Steelers,PIT,New Orleans Saints,NO,Scheduled,ESPN/screenshots + sports schedule feed
7,10/25/2026,Sunday,1:00 PM,10:00 AM,PDT,Cincinnati Bengals,CIN,Baltimore Ravens,BAL,Scheduled,ESPN/screenshots + sports schedule feed
7,10/25/2026,Sunday,1:00 PM,10:00 AM,PDT,Cleveland Browns,CLE,Tennessee Titans,TEN,Scheduled,ESPN/screenshots + sports schedule feed
7,10/25/2026,Sunday,1:00 PM,10:00 AM,PDT,Indianapolis Colts,IND,Minnesota Vikings,MIN,Scheduled,ESPN/screenshots + sports schedule feed
7,10/25/2026,Sunday,1:00 PM,10:00 AM,PDT,Miami Dolphins,MIA,New York Jets,NYJ,Scheduled,ESPN/screenshots + sports schedule feed
7,10/25/2026,Sunday,1:00 PM,10:00 AM,PDT,New York Giants,NYG,Houston Texans,HOU,Scheduled,ESPN/screenshots + sports schedule feed
7,10/25/2026,Sunday,1:00 PM,10:00 AM,PDT,San Francisco 49ers,SF,Atlanta Falcons,ATL,Scheduled,ESPN/screenshots + sports schedule feed
7,10/25/2026,Sunday,1:00 PM,10:00 AM,PDT,Tampa Bay Buccaneers,TB,Carolina Panthers,CAR,Scheduled,ESPN/screenshots + sports schedule feed
7,10/26/2026,Monday,8:15 PM,5:15 PM,PDT,Dallas Cowboys,DAL,Philadelphia Eagles,PHI,Scheduled,ESPN/screenshots + sports schedule feed
8,10/29/2026,Thursday,8:15 PM,5:15 PM,PDT,Carolina Panthers,CAR,Green Bay Packers,GB,Scheduled,ESPN/screenshots + sports schedule feed
8,11/1/2026,Sunday,4:05 PM,1:05 PM,PST,Los Angeles Chargers,LAC,Los Angeles Rams,LAR,Scheduled,ESPN/screenshots + sports schedule feed
8,11/1/2026,Sunday,4:25 PM,1:25 PM,PST,Kansas City Chiefs,KC,Denver Broncos,DEN,Scheduled,ESPN/screenshots + sports schedule feed
8,11/1/2026,Sunday,4:25 PM,1:25 PM,PST,New England Patriots,NE,Miami Dolphins,MIA,Scheduled,ESPN/screenshots + sports schedule feed
8,11/1/2026,Sunday,8:20 PM,5:20 PM,PST,Philadelphia Eagles,PHI,Washington Commanders,WAS,Scheduled,ESPN/screenshots + sports schedule feed
8,11/1/2026,Sunday,1:00 PM,10:00 AM,PST,Arizona Cardinals,ARI,Dallas Cowboys,DAL,Scheduled,ESPN/screenshots + sports schedule feed
8,11/1/2026,Sunday,1:00 PM,10:00 AM,PST,Atlanta Falcons,ATL,Tampa Bay Buccaneers,TB,Scheduled,ESPN/screenshots + sports schedule feed
8,11/1/2026,Sunday,1:00 PM,10:00 AM,PST,Baltimore Ravens,BAL,Buffalo Bills,BUF,Scheduled,ESPN/screenshots + sports schedule feed
8,11/1/2026,Sunday,1:00 PM,10:00 AM,PST,Cleveland Browns,CLE,Pittsburgh Steelers,PIT,Scheduled,ESPN/screenshots + sports schedule feed
8,11/1/2026,Sunday,1:00 PM,10:00 AM,PST,Indianapolis Colts,IND,Jacksonville Jaguars,JAX,Scheduled,ESPN/screenshots + sports schedule feed
8,11/1/2026,Sunday,1:00 PM,10:00 AM,PST,Las Vegas Raiders,LV,New York Jets,NYJ,Scheduled,ESPN/screenshots + sports schedule feed
8,11/1/2026,Sunday,1:00 PM,10:00 AM,PST,Minnesota Vikings,MIN,Detroit Lions,DET,Scheduled,ESPN/screenshots + sports schedule feed
8,11/1/2026,Sunday,1:00 PM,10:00 AM,PST,Tennessee Titans,TEN,Cincinnati Bengals,CIN,Scheduled,ESPN/screenshots + sports schedule feed
8,11/2/2026,Monday,8:15 PM,5:15 PM,PST,Chicago Bears,CHI,Seattle Seahawks,SEA,Scheduled,ESPN/screenshots + sports schedule feed
9,11/5/2026,Thursday,8:15 PM,5:15 PM,PST,Jacksonville Jaguars,JAX,Baltimore Ravens,BAL,Scheduled,ESPN/screenshots + sports schedule feed
9,11/8/2026,Sunday,4:05 PM,1:05 PM,PST,Houston Texans,HOU,Los Angeles Chargers,LAC,Scheduled,ESPN/screenshots + sports schedule feed
9,11/8/2026,Sunday,4:05 PM,1:05 PM,PST,Las Vegas Raiders,LV,San Francisco 49ers,SF,Scheduled,ESPN/screenshots + sports schedule feed
9,11/8/2026,Sunday,4:25 PM,1:25 PM,PST,Arizona Cardinals,ARI,Seattle Seahawks,SEA,Scheduled,ESPN/screenshots + sports schedule feed
9,11/8/2026,Sunday,4:25 PM,1:25 PM,PST,Green Bay Packers,GB,New England Patriots,NE,Scheduled,ESPN/screenshots + sports schedule feed
9,11/8/2026,Sunday,8:20 PM,5:20 PM,PST,Tampa Bay Buccaneers,TB,Chicago Bears,CHI,Scheduled,ESPN/screenshots + sports schedule feed
9,11/8/2026,Sunday,9:30 AM,6:30 AM,PST,Cincinnati Bengals,CIN,Atlanta Falcons,ATL,Scheduled,ESPN/screenshots + sports schedule feed
9,11/8/2026,Sunday,1:00 PM,10:00 AM,PST,Cleveland Browns,CLE,New Orleans Saints,NO,Scheduled,ESPN/screenshots + sports schedule feed
9,11/8/2026,Sunday,1:00 PM,10:00 AM,PST,Dallas Cowboys,DAL,Indianapolis Colts,IND,Scheduled,ESPN/screenshots + sports schedule feed
9,11/8/2026,Sunday,1:00 PM,10:00 AM,PST,Denver Broncos,DEN,Carolina Panthers,CAR,Scheduled,ESPN/screenshots + sports schedule feed
9,11/8/2026,Sunday,1:00 PM,10:00 AM,PST,Detroit Lions,DET,Miami Dolphins,MIA,Scheduled,ESPN/screenshots + sports schedule feed
9,11/8/2026,Sunday,1:00 PM,10:00 AM,PST,Los Angeles Rams,LAR,Washington Commanders,WAS,Scheduled,ESPN/screenshots + sports schedule feed
9,11/8/2026,Sunday,1:00 PM,10:00 AM,PST,New York Giants,NYG,Philadelphia Eagles,PHI,Scheduled,ESPN/screenshots + sports schedule feed
9,11/8/2026,Sunday,1:00 PM,10:00 AM,PST,New York Jets,NYJ,Kansas City Chiefs,KC,Scheduled,ESPN/screenshots + sports schedule feed
9,11/9/2026,Monday,8:15 PM,5:15 PM,PST,Buffalo Bills,BUF,Minnesota Vikings,MIN,Scheduled,ESPN/screenshots + sports schedule feed
10,11/12/2026,Thursday,8:15 PM,5:15 PM,PST,Washington Commanders,WAS,New York Giants,NYG,Scheduled,ESPN/screenshots + sports schedule feed
10,11/15/2026,Sunday,4:05 PM,1:05 PM,PST,Los Angeles Rams,LAR,Arizona Cardinals,ARI,Scheduled,ESPN/screenshots + sports schedule feed
10,11/15/2026,Sunday,4:05 PM,1:05 PM,PST,Seattle Seahawks,SEA,Las Vegas Raiders,LV,Scheduled,ESPN/screenshots + sports schedule feed
10,11/15/2026,Sunday,4:25 PM,1:25 PM,PST,San Francisco 49ers,SF,Dallas Cowboys,DAL,Scheduled,ESPN/screenshots + sports schedule feed
10,11/15/2026,Sunday,8:20 PM,5:20 PM,PST,Pittsburgh Steelers,PIT,Cincinnati Bengals,CIN,Scheduled,ESPN/screenshots + sports schedule feed
10,11/15/2026,Sunday,9:30 AM,6:30 AM,PST,New England Patriots,NE,Detroit Lions,DET,Scheduled,ESPN/screenshots + sports schedule feed
10,11/15/2026,Sunday,1:00 PM,10:00 AM,PST,Buffalo Bills,BUF,New York Jets,NYJ,Scheduled,ESPN/screenshots + sports schedule feed
10,11/15/2026,Sunday,1:00 PM,10:00 AM,PST,Carolina Panthers,CAR,New Orleans Saints,NO,Scheduled,ESPN/screenshots + sports schedule feed
10,11/15/2026,Sunday,1:00 PM,10:00 AM,PST,Houston Texans,HOU,Cleveland Browns,CLE,Scheduled,ESPN/screenshots + sports schedule feed
10,11/15/2026,Sunday,1:00 PM,10:00 AM,PST,Jacksonville Jaguars,JAX,Tennessee Titans,TEN,Scheduled,ESPN/screenshots + sports schedule feed
10,11/15/2026,Sunday,1:00 PM,10:00 AM,PST,Kansas City Chiefs,KC,Atlanta Falcons,ATL,Scheduled,ESPN/screenshots + sports schedule feed
10,11/15/2026,Sunday,1:00 PM,10:00 AM,PST,Miami Dolphins,MIA,Indianapolis Colts,IND,Scheduled,ESPN/screenshots + sports schedule feed
10,11/15/2026,Sunday,1:00 PM,10:00 AM,PST,Minnesota Vikings,MIN,Green Bay Packers,GB,Scheduled,ESPN/screenshots + sports schedule feed
10,11/16/2026,Monday,8:15 PM,5:15 PM,PST,Los Angeles Chargers,LAC,Baltimore Ravens,BAL,Scheduled,ESPN/screenshots + sports schedule feed
11,11/19/2026,Thursday,8:15 PM,5:15 PM,PST,Indianapolis Colts,IND,Houston Texans,HOU,Scheduled,ESPN/screenshots + sports schedule feed
11,11/22/2026,Sunday,4:05 PM,1:05 PM,PST,New York Jets,NYJ,Los Angeles Chargers,LAC,Scheduled,ESPN/screenshots + sports schedule feed
11,11/22/2026,Sunday,4:25 PM,1:25 PM,PST,Las Vegas Raiders,LV,Denver Broncos,DEN,Scheduled,ESPN/screenshots + sports schedule feed
11,11/22/2026,Sunday,4:25 PM,1:25 PM,PST,Pittsburgh Steelers,PIT,Philadelphia Eagles,PHI,Scheduled,ESPN/screenshots + sports schedule feed
11,11/22/2026,Sunday,8:20 PM,5:20 PM,PST,Minnesota Vikings,MIN,San Francisco 49ers,SF,Scheduled,ESPN/screenshots + sports schedule feed
11,11/22/2026,Sunday,1:00 PM,10:00 AM,PST,Arizona Cardinals,ARI,Kansas City Chiefs,KC,Scheduled,ESPN/screenshots + sports schedule feed
11,11/22/2026,Sunday,1:00 PM,10:00 AM,PST,Baltimore Ravens,BAL,Carolina Panthers,CAR,Scheduled,ESPN/screenshots + sports schedule feed
11,11/22/2026,Sunday,1:00 PM,10:00 AM,PST,Jacksonville Jaguars,JAX,New York Giants,NYG,Scheduled,ESPN/screenshots + sports schedule feed
11,11/22/2026,Sunday,1:00 PM,10:00 AM,PST,Miami Dolphins,MIA,Buffalo Bills,BUF,Scheduled,ESPN/screenshots + sports schedule feed
11,11/22/2026,Sunday,1:00 PM,10:00 AM,PST,New Orleans Saints,NO,Chicago Bears,CHI,Scheduled,ESPN/screenshots + sports schedule feed
11,11/22/2026,Sunday,1:00 PM,10:00 AM,PST,Tampa Bay Buccaneers,TB,Detroit Lions,DET,Scheduled,ESPN/screenshots + sports schedule feed
11,11/22/2026,Sunday,1:00 PM,10:00 AM,PST,Tennessee Titans,TEN,Dallas Cowboys,DAL,Scheduled,ESPN/screenshots + sports schedule feed
11,11/23/2026,Monday,8:15 PM,5:15 PM,PST,Cincinnati Bengals,CIN,Washington Commanders,WAS,Scheduled,ESPN/screenshots + sports schedule feed
12,11/25/2026,Wednesday,8:00 PM,5:00 PM,PST,Green Bay Packers,GB,Los Angeles Rams,LAR,Scheduled,ESPN/screenshots + sports schedule feed
12,11/26/2026,Thursday,4:30 PM,1:30 PM,PST,Philadelphia Eagles,PHI,Dallas Cowboys,DAL,Scheduled,ESPN/screenshots + sports schedule feed
12,11/26/2026,Thursday,8:20 PM,5:20 PM,PST,Kansas City Chiefs,KC,Buffalo Bills,BUF,Scheduled,ESPN/screenshots + sports schedule feed
12,11/26/2026,Thursday,1:00 PM,10:00 AM,PST,Chicago Bears,CHI,Detroit Lions,DET,Scheduled,ESPN/screenshots + sports schedule feed
12,11/27/2026,Friday,3:00 PM,12:00 PM,PST,Denver Broncos,DEN,Pittsburgh Steelers,PIT,Scheduled,ESPN/screenshots + sports schedule feed
12,11/29/2026,Sunday,4:05 PM,1:05 PM,PST,Tennessee Titans,TEN,Jacksonville Jaguars,JAX,Scheduled,ESPN/screenshots + sports schedule feed
12,11/29/2026,Sunday,4:25 PM,1:25 PM,PST,Seattle Seahawks,SEA,San Francisco 49ers,SF,Scheduled,ESPN/screenshots + sports schedule feed
12,11/29/2026,Sunday,4:25 PM,1:25 PM,PST,Washington Commanders,WAS,Arizona Cardinals,ARI,Scheduled,ESPN/screenshots + sports schedule feed
12,11/29/2026,Sunday,8:20 PM,5:20 PM,PST,New England Patriots,NE,Los Angeles Chargers,LAC,Scheduled,ESPN/screenshots + sports schedule feed
12,11/29/2026,Sunday,1:00 PM,10:00 AM,PST,Atlanta Falcons,ATL,Minnesota Vikings,MIN,Scheduled,ESPN/screenshots + sports schedule feed
12,11/29/2026,Sunday,1:00 PM,10:00 AM,PST,Baltimore Ravens,BAL,Houston Texans,HOU,Scheduled,ESPN/screenshots + sports schedule feed
12,11/29/2026,Sunday,1:00 PM,10:00 AM,PST,Las Vegas Raiders,LV,Cleveland Browns,CLE,Scheduled,ESPN/screenshots + sports schedule feed
12,11/29/2026,Sunday,1:00 PM,10:00 AM,PST,New Orleans Saints,NO,Cincinnati Bengals,CIN,Scheduled,ESPN/screenshots + sports schedule feed
12,11/29/2026,Sunday,1:00 PM,10:00 AM,PST,New York Giants,NYG,Indianapolis Colts,IND,Scheduled,ESPN/screenshots + sports schedule feed
12,11/29/2026,Sunday,1:00 PM,10:00 AM,PST,New York Jets,NYJ,Miami Dolphins,MIA,Scheduled,ESPN/screenshots + sports schedule feed
12,11/30/2026,Monday,8:15 PM,5:15 PM,PST,Carolina Panthers,CAR,Tampa Bay Buccaneers,TB,Scheduled,ESPN/screenshots + sports schedule feed
13,12/3/2026,Thursday,8:15 PM,5:15 PM,PST,Kansas City Chiefs,KC,Los Angeles Rams,LAR,Scheduled,ESPN/screenshots + sports schedule feed
13,12/6/2026,Sunday,4:05 PM,1:05 PM,PST,Miami Dolphins,MIA,Denver Broncos,DEN,Scheduled,ESPN/screenshots + sports schedule feed
13,12/6/2026,Sunday,4:05 PM,1:05 PM,PST,Philadelphia Eagles,PHI,Arizona Cardinals,ARI,Scheduled,ESPN/screenshots + sports schedule feed
13,12/6/2026,Sunday,4:25 PM,1:25 PM,PST,Buffalo Bills,BUF,New England Patriots,NE,Scheduled,ESPN/screenshots + sports schedule feed
13,12/6/2026,Sunday,4:25 PM,1:25 PM,PST,Carolina Panthers,CAR,Minnesota Vikings,MIN,Scheduled,ESPN/screenshots + sports schedule feed
13,12/6/2026,Sunday,8:20 PM,5:20 PM,PST,Houston Texans,HOU,Pittsburgh Steelers,PIT,Scheduled,ESPN/screenshots + sports schedule feed
13,12/6/2026,Sunday,1:00 PM,10:00 AM,PST,Cincinnati Bengals,CIN,Cleveland Browns,CLE,Scheduled,ESPN/screenshots + sports schedule feed
13,12/6/2026,Sunday,1:00 PM,10:00 AM,PST,Detroit Lions,DET,Atlanta Falcons,ATL,Scheduled,ESPN/screenshots + sports schedule feed
13,12/6/2026,Sunday,1:00 PM,10:00 AM,PST,Green Bay Packers,GB,New Orleans Saints,NO,Scheduled,ESPN/screenshots + sports schedule feed
13,12/6/2026,Sunday,1:00 PM,10:00 AM,PST,Jacksonville Jaguars,JAX,Chicago Bears,CHI,Scheduled,ESPN/screenshots + sports schedule feed
13,12/6/2026,Sunday,1:00 PM,10:00 AM,PST,Los Angeles Chargers,LAC,Tampa Bay Buccaneers,TB,Scheduled,ESPN/screenshots + sports schedule feed
13,12/6/2026,Sunday,1:00 PM,10:00 AM,PST,San Francisco 49ers,SF,New York Giants,NYG,Scheduled,ESPN/screenshots + sports schedule feed
13,12/6/2026,Sunday,1:00 PM,10:00 AM,PST,Washington Commanders,WAS,Tennessee Titans,TEN,Scheduled,ESPN/screenshots + sports schedule feed
13,12/7/2026,Monday,8:15 PM,5:15 PM,PST,Dallas Cowboys,DAL,Seattle Seahawks,SEA,Scheduled,ESPN/screenshots + sports schedule feed
14,12/10/2026,Thursday,8:15 PM,5:15 PM,PST,Minnesota Vikings,MIN,New England Patriots,NE,Scheduled,ESPN/screenshots + sports schedule feed
14,12/13/2026,Sunday,4:05 PM,1:05 PM,PST,Los Angeles Chargers,LAC,Las Vegas Raiders,LV,Scheduled,ESPN/screenshots + sports schedule feed
14,12/13/2026,Sunday,4:25 PM,1:25 PM,PST,Kansas City Chiefs,KC,Cincinnati Bengals,CIN,Scheduled,ESPN/screenshots + sports schedule feed
14,12/13/2026,Sunday,4:25 PM,1:25 PM,PST,Los Angeles Rams,LAR,San Francisco 49ers,SF,Scheduled,ESPN/screenshots + sports schedule feed
14,12/13/2026,Sunday,4:25 PM,1:25 PM,PST,New York Giants,NYG,Seattle Seahawks,SEA,Scheduled,ESPN/screenshots + sports schedule feed
14,12/13/2026,Sunday,8:20 PM,5:20 PM,PST,Buffalo Bills,BUF,Green Bay Packers,GB,Scheduled,ESPN/screenshots + sports schedule feed
14,12/13/2026,Sunday,1:00 PM,10:00 AM,PST,Atlanta Falcons,ATL,Cleveland Browns,CLE,Scheduled,ESPN/screenshots + sports schedule feed
14,12/13/2026,Sunday,1:00 PM,10:00 AM,PST,Chicago Bears,CHI,Miami Dolphins,MIA,Scheduled,ESPN/screenshots + sports schedule feed
14,12/13/2026,Sunday,1:00 PM,10:00 AM,PST,Denver Broncos,DEN,New York Jets,NYJ,Scheduled,ESPN/screenshots + sports schedule feed
14,12/13/2026,Sunday,1:00 PM,10:00 AM,PST,Houston Texans,HOU,Washington Commanders,WAS,Scheduled,ESPN/screenshots + sports schedule feed
14,12/13/2026,Sunday,1:00 PM,10:00 AM,PST,Indianapolis Colts,IND,Philadelphia Eagles,PHI,Scheduled,ESPN/screenshots + sports schedule feed
14,12/13/2026,Sunday,1:00 PM,10:00 AM,PST,New Orleans Saints,NO,Carolina Panthers,CAR,Scheduled,ESPN/screenshots + sports schedule feed
14,12/13/2026,Sunday,1:00 PM,10:00 AM,PST,Tampa Bay Buccaneers,TB,Baltimore Ravens,BAL,Scheduled,ESPN/screenshots + sports schedule feed
14,12/13/2026,Sunday,1:00 PM,10:00 AM,PST,Tennessee Titans,TEN,Detroit Lions,DET,Scheduled,ESPN/screenshots + sports schedule feed
14,12/14/2026,Monday,8:15 PM,5:15 PM,PST,Pittsburgh Steelers,PIT,Jacksonville Jaguars,JAX,Scheduled,ESPN/screenshots + sports schedule feed
15,12/17/2026,Thursday,8:15 PM,5:15 PM,PST,San Francisco 49ers,SF,Los Angeles Chargers,LAC,Scheduled,ESPN/screenshots + sports schedule feed
15,12/19/2026,Saturday,5:00 PM,2:00 PM,PST,Seattle Seahawks,SEA,Philadelphia Eagles,PHI,Scheduled,ESPN/screenshots + sports schedule feed
15,12/19/2026,Saturday,8:20 PM,5:20 PM,PST,Chicago Bears,CHI,Buffalo Bills,BUF,Scheduled,ESPN/screenshots + sports schedule feed
15,12/20/2026,Sunday,4:05 PM,1:05 PM,PST,New York Jets,NYJ,Arizona Cardinals,ARI,Scheduled,ESPN/screenshots + sports schedule feed
15,12/20/2026,Sunday,4:25 PM,1:25 PM,PST,Dallas Cowboys,DAL,Los Angeles Rams,LAR,Scheduled,ESPN/screenshots + sports schedule feed
15,12/20/2026,Sunday,4:25 PM,1:25 PM,PST,Denver Broncos,DEN,Las Vegas Raiders,LV,Scheduled,ESPN/screenshots + sports schedule feed
15,12/20/2026,Sunday,8:20 PM,5:20 PM,PST,Detroit Lions,DET,Minnesota Vikings,MIN,Scheduled,ESPN/screenshots + sports schedule feed
15,12/20/2026,Sunday,1:00 PM,10:00 AM,PST,Atlanta Falcons,ATL,Washington Commanders,WAS,Scheduled,ESPN/screenshots + sports schedule feed
15,12/20/2026,Sunday,1:00 PM,10:00 AM,PST,Baltimore Ravens,BAL,Pittsburgh Steelers,PIT,Scheduled,ESPN/screenshots + sports schedule feed
15,12/20/2026,Sunday,1:00 PM,10:00 AM,PST,Cincinnati Bengals,CIN,Carolina Panthers,CAR,Scheduled,ESPN/screenshots + sports schedule feed
15,12/20/2026,Sunday,1:00 PM,10:00 AM,PST,Cleveland Browns,CLE,New York Giants,NYG,Scheduled,ESPN/screenshots + sports schedule feed
15,12/20/2026,Sunday,1:00 PM,10:00 AM,PST,Indianapolis Colts,IND,Tennessee Titans,TEN,Scheduled,ESPN/screenshots + sports schedule feed
15,12/20/2026,Sunday,1:00 PM,10:00 AM,PST,Jacksonville Jaguars,JAX,Houston Texans,HOU,Scheduled,ESPN/screenshots + sports schedule feed
15,12/20/2026,Sunday,1:00 PM,10:00 AM,PST,Miami Dolphins,MIA,Green Bay Packers,GB,Scheduled,ESPN/screenshots + sports schedule feed
15,12/20/2026,Sunday,1:00 PM,10:00 AM,PST,New Orleans Saints,NO,Tampa Bay Buccaneers,TB,Scheduled,ESPN/screenshots + sports schedule feed
15,12/21/2026,Monday,8:15 PM,5:15 PM,PST,New England Patriots,NE,Kansas City Chiefs,KC,Scheduled,ESPN/screenshots + sports schedule feed
16,12/24/2026,Thursday,8:15 PM,5:15 PM,PST,Houston Texans,HOU,Philadelphia Eagles,PHI,Scheduled,ESPN/screenshots + sports schedule feed
16,12/25/2026,Friday,4:30 PM,1:30 PM,PST,Buffalo Bills,BUF,Denver Broncos,DEN,Scheduled,ESPN/screenshots + sports schedule feed
16,12/25/2026,Friday,8:15 PM,5:15 PM,PST,Los Angeles Rams,LAR,Seattle Seahawks,SEA,Scheduled,ESPN/screenshots + sports schedule feed
16,12/25/2026,Friday,1:00 PM,10:00 AM,PST,Green Bay Packers,GB,Chicago Bears,CHI,Scheduled,ESPN/screenshots + sports schedule feed
16,12/27/2026,Sunday,4:05 PM,1:05 PM,PST,Tennessee Titans,TEN,Las Vegas Raiders,LV,Scheduled,ESPN/screenshots + sports schedule feed
16,12/27/2026,Sunday,4:25 PM,1:25 PM,PST,San Francisco 49ers,SF,Kansas City Chiefs,KC,Scheduled,ESPN/screenshots + sports schedule feed
16,12/27/2026,Sunday,8:20 PM,5:20 PM,PST,Jacksonville Jaguars,JAX,Dallas Cowboys,DAL,Scheduled,ESPN/screenshots + sports schedule feed
16,12/27/2026,Sunday,1:00 PM,10:00 AM,PST,Arizona Cardinals,ARI,New Orleans Saints,NO,Scheduled,ESPN/screenshots + sports schedule feed
16,12/27/2026,Sunday,1:00 PM,10:00 AM,PST,Cleveland Browns,CLE,Baltimore Ravens,BAL,Scheduled,ESPN/screenshots + sports schedule feed
16,12/27/2026,Sunday,1:00 PM,10:00 AM,PST,Los Angeles Chargers,LAC,Miami Dolphins,MIA,Scheduled,ESPN/screenshots + sports schedule feed
16,12/27/2026,Sunday,1:00 PM,10:00 AM,PST,New England Patriots,NE,New York Jets,NYJ,Scheduled,ESPN/screenshots + sports schedule feed
16,12/28/2026,Monday,8:15 PM,5:15 PM,PST,New York Giants,NYG,Detroit Lions,DET,Scheduled,ESPN/screenshots + sports schedule feed
16,TBD,TBD,TBD,TBD,TBD,Carolina Panthers,CAR,Pittsburgh Steelers,PIT,Date/Time TBD - flex window,ESPN screenshots
16,TBD,TBD,TBD,TBD,TBD,Cincinnati Bengals,CIN,Indianapolis Colts,IND,Date/Time TBD - flex window,ESPN screenshots
16,TBD,TBD,TBD,TBD,TBD,Tampa Bay Buccaneers,TB,Atlanta Falcons,ATL,Date/Time TBD - flex window,ESPN screenshots
16,TBD,TBD,TBD,TBD,TBD,Washington Commanders,WAS,Minnesota Vikings,MIN,Date/Time TBD - flex window,ESPN screenshots
17,12/31/2026,Thursday,8:15 PM,5:15 PM,PST,Baltimore Ravens,BAL,Cincinnati Bengals,CIN,Scheduled,ESPN/screenshots + sports schedule feed
17,1/3/2027,Sunday,4:05 PM,1:05 PM,PST,Las Vegas Raiders,LV,Arizona Cardinals,ARI,Scheduled,ESPN/screenshots + sports schedule feed
17,1/3/2027,Sunday,4:25 PM,1:25 PM,PST,Detroit Lions,DET,Chicago Bears,CHI,Scheduled,ESPN/screenshots + sports schedule feed
17,1/3/2027,Sunday,8:20 PM,5:20 PM,PST,Philadelphia Eagles,PHI,San Francisco 49ers,SF,Scheduled,ESPN/screenshots + sports schedule feed
17,1/3/2027,Sunday,1:00 PM,10:00 AM,PST,Buffalo Bills,BUF,Miami Dolphins,MIA,Scheduled,ESPN/screenshots + sports schedule feed
17,1/3/2027,Sunday,1:00 PM,10:00 AM,PST,Indianapolis Colts,IND,Cleveland Browns,CLE,Scheduled,ESPN/screenshots + sports schedule feed
17,1/3/2027,Sunday,1:00 PM,10:00 AM,PST,Minnesota Vikings,MIN,New York Jets,NYJ,Scheduled,ESPN/screenshots + sports schedule feed
17,1/3/2027,Sunday,1:00 PM,10:00 AM,PST,New Orleans Saints,NO,Atlanta Falcons,ATL,Scheduled,ESPN/screenshots + sports schedule feed
17,1/3/2027,Sunday,1:00 PM,10:00 AM,PST,New York Giants,NYG,Dallas Cowboys,DAL,Scheduled,ESPN/screenshots + sports schedule feed
17,1/3/2027,Sunday,1:00 PM,10:00 AM,PST,Pittsburgh Steelers,PIT,Tennessee Titans,TEN,Scheduled,ESPN/screenshots + sports schedule feed
17,1/3/2027,Sunday,1:00 PM,10:00 AM,PST,Seattle Seahawks,SEA,Carolina Panthers,CAR,Scheduled,ESPN/screenshots + sports schedule feed
17,1/4/2027,Monday,8:15 PM,5:15 PM,PST,Houston Texans,HOU,Green Bay Packers,GB,Scheduled,ESPN/screenshots + sports schedule feed
17,TBD,TBD,TBD,TBD,TBD,Denver Broncos,DEN,New England Patriots,NE,Date/Time TBD - flex window,ESPN screenshots
17,TBD,TBD,TBD,TBD,TBD,Kansas City Chiefs,KC,Los Angeles Chargers,LAC,Date/Time TBD - flex window,ESPN screenshots
17,TBD,TBD,TBD,TBD,TBD,Los Angeles Rams,LAR,Tampa Bay Buccaneers,TB,Date/Time TBD - flex window,ESPN screenshots
17,TBD,TBD,TBD,TBD,TBD,Washington Commanders,WAS,Jacksonville Jaguars,JAX,Date/Time TBD - flex window,ESPN screenshots
18,TBD,TBD,TBD,TBD,TBD,Atlanta Falcons,ATL,Carolina Panthers,CAR,Date/Time TBD,ESPN screenshots
18,TBD,TBD,TBD,TBD,TBD,Chicago Bears,CHI,Minnesota Vikings,MIN,Date/Time TBD,ESPN screenshots
18,TBD,TBD,TBD,TBD,TBD,Cleveland Browns,CLE,Cincinnati Bengals,CIN,Date/Time TBD,ESPN screenshots
18,TBD,TBD,TBD,TBD,TBD,Dallas Cowboys,DAL,Washington Commanders,WAS,Date/Time TBD,ESPN screenshots
18,TBD,TBD,TBD,TBD,TBD,Detroit Lions,DET,Green Bay Packers,GB,Date/Time TBD,ESPN screenshots
18,TBD,TBD,TBD,TBD,TBD,Jacksonville Jaguars,JAX,Indianapolis Colts,IND,Date/Time TBD,ESPN screenshots
18,TBD,TBD,TBD,TBD,TBD,Las Vegas Raiders,LV,Kansas City Chiefs,KC,Date/Time TBD,ESPN screenshots
18,TBD,TBD,TBD,TBD,TBD,Los Angeles Chargers,LAC,Denver Broncos,DEN,Date/Time TBD,ESPN screenshots
18,TBD,TBD,TBD,TBD,TBD,Miami Dolphins,MIA,New England Patriots,NE,Date/Time TBD,ESPN screenshots
18,TBD,TBD,TBD,TBD,TBD,New York Jets,NYJ,Buffalo Bills,BUF,Date/Time TBD,ESPN screenshots
18,TBD,TBD,TBD,TBD,TBD,Philadelphia Eagles,PHI,New York Giants,NYG,Date/Time TBD,ESPN screenshots
18,TBD,TBD,TBD,TBD,TBD,Pittsburgh Steelers,PIT,Baltimore Ravens,BAL,Date/Time TBD,ESPN screenshots
18,TBD,TBD,TBD,TBD,TBD,San Francisco 49ers,SF,Arizona Cardinals,ARI,Date/Time TBD,ESPN screenshots
18,TBD,TBD,TBD,TBD,TBD,Seattle Seahawks,SEA,Los Angeles Rams,LAR,Date/Time TBD,ESPN screenshots
18,TBD,TBD,TBD,TBD,TBD,Tampa Bay Buccaneers,TB,New Orleans Saints,NO,Date/Time TBD,ESPN screenshots
18,TBD,TBD,TBD,TBD,TBD,Tennessee Titans,TEN,Houston Texans,HOU,Date/Time TBD,ESPN screenshots
